-- phpMyAdmin SQL Dump
-- version 4.6.4
-- https://www.phpmyadmin.net/
--
-- Host: 127.0.0.1
-- Generation Time: Nov 21, 2017 at 09:55 AM
-- Server version: 5.7.14
-- PHP Version: 7.0.10

SET SQL_MODE = "NO_AUTO_VALUE_ON_ZERO";
SET time_zone = "+00:00";


/*!40101 SET @OLD_CHARACTER_SET_CLIENT=@@CHARACTER_SET_CLIENT */;
/*!40101 SET @OLD_CHARACTER_SET_RESULTS=@@CHARACTER_SET_RESULTS */;
/*!40101 SET @OLD_COLLATION_CONNECTION=@@COLLATION_CONNECTION */;
/*!40101 SET NAMES utf8mb4 */;

--
-- Database: `algo_cinema`
--

-- --------------------------------------------------------

--
-- Table structure for table `cinema`
--

CREATE TABLE `cinema` (
  `id` int(11) NOT NULL,
  `name` varchar(32) NOT NULL,
  `address` text,
  `zip_code` varchar(5) DEFAULT NULL,
  `city` varchar(255) DEFAULT NULL
) ENGINE=InnoDB DEFAULT CHARSET=latin1;

--
-- Dumping data for table `cinema`
--

INSERT INTO `cinema` (`id`, `name`, `address`, `zip_code`, `city`) VALUES
(1, 'Studio des Ursulines', '10, rue des Ursulines ', '75005', 'Paris'),
(3, 'Studio 43', 'Pôle marine, rue des Fusiliers Marins', '59140', 'Dunkerque'),
(4, 'Le Sélect', '10, avenue de la Division Leclerc', '92160', 'Antony'),
(9, 'MCL', '1, bd de Saint Dié', '88400', 'Gérardmer'),
(10, 'ABC', '13, rue Saint Bernard', '31000', 'Toulouse'),
(11, 'Le Cinématographe', '12 bis, rue des Carmélites', '44000', 'Nantes'),
(17, 'Cinéma des cinéastes', '7, avenue de Clichy', '75017', 'Paris '),
(18, 'Scène nationale d\'Albi', 'rue des Cordeliers', '81000', 'Albi'),
(19, 'Les Carmes', '7, rue des Carmes', '45000', 'Orléans'),
(20, 'Iris', '2 bis, boulevard Saint-Pierre', '56230', 'Questembert'),
(21, 'Eden', '67, rue Saint Fiacre ', '44150', 'Ancenis '),
(23, 'Le Kosmos', '243 ter, avenue de la République', '94120', 'Fontenay sous bois '),
(24, 'Comoedia', '13, avenue Berthelot', '69007', 'Lyon'),
(25, 'Cinéma Café des images', '4, square du Théâtre', '14200', 'Hérouville Saint-Clair'),
(27, 'L\'EntrAct\'', 'Jardin de la Mairie, Avenue Lazare Carnot', '31330', 'Grenade'),
(30, 'Cinéma Lux', '6, avenue Sainte Thérèse', '14000', 'Caen'),
(31, 'Cinéma Studio 7', 'Auzielle', '31650', 'Auzielle'),
(34, 'Cinéma Utopia', 'Place de la Mairie', '95310', 'Saint-Ouen L\'Aumône'),
(37, 'Cinéma Jean Eustache', 'Place de la Ve République', '33600', 'Pessac'),
(38, 'Archipel', '17, boulevard de Strasbourg', '75010', 'Paris'),
(39, 'Brady', '39, boulevard de Strasbourg', '75010', 'Paris'),
(42, 'Le Luminor Hôtel de Ville', '20, rue du Temple', '75004', 'Paris'),
(43, 'La Clef', '34, rue Daubenton', '75005', 'Paris'),
(45, 'Les 3 Luxembourg', '67, rue Monsieur Le Prince', '75006', 'Paris'),
(48, 'Le Club', '1, esplanade des Chaussonnières ', '35300', 'Fougères'),
(52, 'L\'Entrepôt', '7/9, rue Francis de Pressensé', '75014', 'Paris'),
(57, 'Le Méliès ', 'rue traversière', '59650', 'Villeneuve d\'Ascq'),
(59, 'Espace des Arts', '144, avenue Jean Jaurès', '93320', 'Les Pavillons sous Bois '),
(66, 'Cinémas Studio', '2 rue des Ursulines', '37000', 'Tours'),
(69, 'Le Concorde', '8, rue Gouvion', '85000', 'La Roche-sur-Yon'),
(72, 'Ciné Henri Langlois', '32 bis rue de la station (face à la mairie)', '95130', 'Franconville'),
(75, 'Cinéma L\'Autan', 'Place Jean Jaurès', '31520', 'Ramonville Saint Agne'),
(81, 'L\'Odyssée', 'place José Bès', '47700', 'Casteljaloux'),
(82, 'Le Gyptis', '136 rue Loubon', '13003', 'Marseille');

-- --------------------------------------------------------

--
-- Table structure for table `film`
--

CREATE TABLE `film` (
  `id` int(11) NOT NULL,
  `title` varchar(128) COLLATE utf8_unicode_ci NOT NULL,
  `release_date` date DEFAULT NULL,
  `director` varchar(1024) COLLATE utf8_unicode_ci DEFAULT NULL
) ENGINE=InnoDB DEFAULT CHARSET=utf8 COLLATE=utf8_unicode_ci;

--
-- Dumping data for table `film`
--

INSERT INTO `film` (`id`, `title`, `release_date`, `director`) VALUES
(96, 'La Nuit du chasseur', '1955-10-05', 'Charles Laughton'),
(108, 'La Prophétie des grenouilles', '2003-12-03', 'Jacques-Rémy Girerd'),
(196, 'L\'Histoire du petit Paolo', '2012-12-05', 'Arnaud Demuynck, Cécilia Marreiros Marum, Vincent Bierrewaerts, Hugo Frassetto et Nicolas Liguori'),
(223, 'Peau d\'âne', '1970-12-20', 'Jacques Demy'),
(225, 'Panda Petit Panda', '2009-10-14', 'Isao Takahata'),
(293, 'Monsieur et monsieur', '2006-09-27', 'Břetislav Pojar et Miroslav Štĕpánek'),
(302, 'Chantons sous la pluie', '1952-12-23', 'Stanley Donen, Gene Kelly'),
(315, 'Le parfum de la carotte', '2014-03-26', 'Collectif'),
(321, 'Le Garçon et le Monde', '2014-10-08', 'Alê Abreu'),
(329, 'La pie voleuse', '2014-04-02', 'Giulio Gianini, Emanuele Luzzati'),
(347, 'Le Petit monde de Leo : 5 contes de Lionni', '2015-02-11', 'Giulio Gianini'),
(358, 'Tous en scène', '2016-12-07', 'Vincente Minnelli'),
(401, 'Le Géant de fer', '2016-12-07', 'Brad Bird'),
(408, 'Les Aventures de Robin des Bois', '1938-09-07', 'Michael Curtiz, William Keighley'),
(506, 'Tout en haut du monde', '2016-01-27', 'Rémi Chayé'),
(529, 'La Chasse au lion à l\'arc', '2016-10-19', 'Jean Rouch'),
(557, 'Ma vie de courgette', '2016-10-19', 'Claude Barras'),
(559, 'La Famille Addams', '2017-10-25', 'Barry Sonnenfeld'),
(584, 'Ivan Tsarévitch et la princesse changeante', '2016-09-28', 'Michel Ocelot'),
(588, 'Monsieur Bout-de-Bois', '2016-10-05', 'Collectif'),
(590, 'Miss Peregrine et les enfants particuliers', '2016-10-05', 'Tim Burton'),
(593, 'Les fiancées en folie', '2017-03-08', 'Buster Keaton'),
(616, 'Lou et l\'île aux sirènes', '2017-08-30', 'Masaaki Yuasa'),
(619, 'La Fontaine fait son cinéma', '2017-03-22', 'Collectif'),
(624, 'Les P\'tits explorateurs', '2017-04-05', 'Collectif'),
(625, 'Zombillénium', '2017-10-18', 'Arthur de Pins, Alexis Ducord'),
(626, 'Le vent dans les roseaux', '2017-10-18', 'Collectif'),
(628, 'Cadet d\'eau douce', '2017-08-09', 'Buster Keaton, Charles Reisner'),
(642, 'Dans la forêt enchantée de Oukybouky', '2017-10-04', ' Rasmus A. Sivertsen '),
(644, 'Le Grand Méchant Renard, et autres contes...', '2017-06-21', 'Benjamin Renner, Patrick Imbert'),
(647, 'Wallace & Gromit : Coeurs à modeler', '2017-11-08', 'Nick Park'),
(652, 'Des trésors plein ma poche', '2017-09-27', 'Collectif'),
(656, 'Mars Attacks!', '1997-02-26', 'Tim Burton'),
(657, 'Mr Chat et les Shammies', '2017-09-20', 'Edmunds Jansons'),
(659, 'Un conte peut en cacher un autre', '2017-10-11', 'Jakob Schuh, Jan Lachauer'),
(727, 'Polichinelle et les contes merveilleux', '2017-09-13', 'Emanuele Luzzati, Giulio Gianini'),
(728, 'Quel cirque !', '2017-10-11', 'Collectif'),
(735, 'Ernest et Célestine en hiver', '2017-11-22', 'Julien Chheng, Jean-Christophe Roger'),
(741, 'NewUpdateTest', '2017-11-22', 'Collectif'),
(759, 'WilliamToutSeul', NULL, 'LastTestFromTheNight');

-- --------------------------------------------------------

--
-- Table structure for table `seance`
--

CREATE TABLE `seance` (
  `id` int(11) NOT NULL,
  `film_id` int(11) NOT NULL,
  `start_horaire` time NOT NULL,
  `end_horaire` time NOT NULL,
  `nsalle` int(11) NOT NULL,
  `jour` date NOT NULL,
  `evenement` text,
  `cinema_id` int(11) NOT NULL,
  `description_event` text COMMENT 'description evenement',
  `description` text COMMENT 'description seance',
  `technique` text NOT NULL,
  `repeat_event_json` text,
  `booking_url` varchar(255) DEFAULT NULL,
  `hidden` int(11) NOT NULL DEFAULT '0'
) ENGINE=InnoDB DEFAULT CHARSET=latin1;

--
-- Dumping data for table `seance`
--

INSERT INTO `seance` (`id`, `film_id`, `start_horaire`, `end_horaire`, `nsalle`, `jour`, `evenement`, `cinema_id`, `description_event`, `description`, `technique`, `repeat_event_json`, `booking_url`, `hidden`) VALUES
(9341, 315, '15:30:00', '16:25:00', 1, '2017-11-22', NULL, 39, NULL, NULL, 'VF', NULL, 'https://www.cinetick.fr?s=XP17_3174&src=web.benshi', 0),
(9342, 315, '10:25:00', '11:20:00', 1, '2017-11-19', NULL, 39, NULL, NULL, 'VF', NULL, 'https://www.cinetick.fr?s=XP17_3180&src=web.benshi', 0),
(9344, 315, '10:30:00', '11:25:00', 1, '2017-11-18', NULL, 39, NULL, NULL, 'VF', NULL, 'https://www.cinetick.fr?s=XP17_3184&src=web.benshi', 0),
(9349, 315, '10:30:00', '11:25:00', 1, '2017-11-26', NULL, 39, NULL, NULL, 'VF', NULL, 'https://www.cinetick.fr?s=XP17_3204&src=web.benshi', 0),
(9355, 584, '10:30:00', '11:33:00', 1, '2017-11-04', NULL, 39, NULL, NULL, 'VF', NULL, 'https://www.cinetick.fr?s=XP17_3161&src=web.benshi', 0),
(9356, 584, '10:30:00', '11:33:00', 1, '2017-11-01', NULL, 39, NULL, NULL, 'VF', NULL, 'https://www.cinetick.fr?s=XP17_3166&src=web.benshi', 0),
(9359, 584, '10:30:00', '11:33:00', 1, '2017-11-02', NULL, 39, NULL, NULL, 'VF', NULL, 'https://www.cinetick.fr?s=XP17_3196&src=web.benshi', 0),
(9421, 315, '10:30:00', '11:25:00', 1, '2017-11-19', NULL, 39, NULL, NULL, 'VF', NULL, 'https://www.cinetick.fr?s=XP17_3283&src=web.benshi', 0),
(9468, 584, '15:00:00', '16:03:00', 3, '2017-11-01', '', 45, NULL, NULL, 'FR', NULL, NULL, 0),
(9797, 529, '10:30:00', '10:40:00', 1, '2017-11-04', NULL, 38, NULL, NULL, 'VF', NULL, 'https://www.cinetick.fr?s=CC8C76C97B&src=web.benshi', 0),
(9798, 529, '10:30:00', '10:40:00', 1, '2017-11-11', NULL, 38, NULL, NULL, 'VF', NULL, 'https://www.cinetick.fr?s=CCFAFADD3C&src=web.benshi', 0),
(10004, 624, '15:00:00', '15:59:00', 1, '2017-11-15', NULL, 38, NULL, NULL, 'VF', NULL, 'https://www.cinetick.fr?s=CC2459E12D&src=web.benshi', 0),
(10005, 624, '10:30:00', '11:29:00', 1, '2017-11-18', NULL, 38, NULL, NULL, 'VF', NULL, 'https://www.cinetick.fr?s=CC3223B67E&src=web.benshi', 0),
(10006, 624, '10:30:00', '11:29:00', 1, '2017-12-02', NULL, 38, NULL, NULL, 'VF', NULL, 'https://www.cinetick.fr?s=CC5F90071A&src=web.benshi', 0),
(10007, 624, '10:30:00', '11:29:00', 1, '2017-11-25', NULL, 38, NULL, NULL, 'VF', NULL, 'https://www.cinetick.fr?s=CCCE6A4EB0&src=web.benshi', 0),
(10008, 624, '15:00:00', '15:59:00', 1, '2017-11-29', NULL, 38, NULL, NULL, 'VF', NULL, 'https://www.cinetick.fr?s=CCF0A53152&src=web.benshi', 0),
(10262, 647, '14:30:00', '15:39:00', 2, '2017-11-08', 'ciné goûter', 69, NULL, NULL, '', NULL, NULL, 0),
(10521, 315, '11:00:00', '11:55:00', 1, '2017-11-04', NULL, 42, NULL, NULL, 'VF', NULL, 'https://www.cinetick.fr?s=CCA56CA1C5&src=web.benshi', 0),
(10549, 590, '10:30:00', '12:47:00', 1, '2017-11-03', NULL, 17, NULL, NULL, 'VF', NULL, 'https://www.cinetick.fr?s=MS000828000030515&src=web.benshi', 0),
(10550, 225, '11:00:00', '12:23:00', 2, '2017-11-04', NULL, 17, NULL, NULL, 'VF', NULL, 'https://www.cinetick.fr?s=MS000828000030516&src=web.benshi', 0),
(10551, 225, '11:00:00', '12:23:00', 2, '2017-11-05', NULL, 17, NULL, NULL, 'VF', NULL, 'https://www.cinetick.fr?s=MS000828000030517&src=web.benshi', 0),
(10552, 225, '11:00:00', '12:23:00', 1, '2017-11-12', NULL, 17, NULL, NULL, 'VF', NULL, 'https://www.cinetick.fr?s=MS000828000030518&src=web.benshi', 0),
(10553, 593, '11:00:00', '12:22:00', 2, '2017-11-18', NULL, 17, NULL, NULL, 'VF', NULL, 'https://www.cinetick.fr?s=MS000828000030519&src=web.benshi', 0),
(10554, 593, '11:00:00', '12:22:00', 2, '2017-11-19', NULL, 17, NULL, NULL, 'VF', NULL, 'https://www.cinetick.fr?s=MS000828000030520&src=web.benshi', 0),
(11312, 657, '10:00:00', '10:44:00', 1, '2017-11-01', '', 57, NULL, NULL, 'VF', NULL, '', 0),
(11313, 657, '10:00:00', '10:44:00', 1, '2017-11-03', '', 57, NULL, NULL, 'VF', NULL, '', 0),
(11314, 657, '11:00:00', '11:44:00', 1, '2017-11-05', '', 57, NULL, NULL, 'VF', NULL, '', 0),
(11315, 652, '15:00:00', '15:45:00', 1, '2017-11-08', 'ciné atelier', 57, NULL, NULL, 'VF', NULL, '', 0),
(11316, 652, '15:00:00', '15:45:00', 1, '2017-11-11', '', 57, NULL, NULL, 'VF', NULL, '', 0),
(11317, 652, '11:00:00', '11:45:00', 1, '2017-11-12', '', 57, NULL, NULL, 'VF', NULL, '', 0),
(11318, 625, '14:30:00', '16:00:00', 1, '2017-11-15', '', 57, NULL, NULL, 'VF', NULL, '', 0),
(11319, 625, '14:30:00', '16:00:00', 1, '2017-11-18', 'atelier maquillage effets spéciaux', 57, NULL, NULL, 'VF', '[]', '', 0),
(11320, 625, '14:30:00', '16:00:00', 1, '2017-11-19', '', 57, NULL, NULL, 'VF', NULL, '', 0),
(11332, 302, '09:30:00', '11:18:00', 1, '2017-12-14', NULL, 39, NULL, NULL, 'VO', NULL, 'https://www.cinetick.fr?s=XP17_4175&src=web.benshi', 0),
(11791, 625, '14:30:00', '16:00:00', 1, '2017-11-01', NULL, 27, NULL, NULL, 'VF', NULL, '', 0),
(11915, 626, '15:20:00', '16:32:00', 1, '2017-11-02', NULL, 25, NULL, NULL, 'VF', NULL, 'https://www.cinetick.fr?s=CCC6DAFB69E3D0E163&src=web.benshi', 0),
(11916, 626, '14:35:00', '15:47:00', 1, '2017-11-05', NULL, 25, NULL, NULL, 'VF', NULL, 'https://www.cinetick.fr?s=CC766502C08E5DD27C&src=web.benshi', 0),
(11919, 626, '10:45:00', '11:57:00', 1, '2017-11-01', NULL, 25, NULL, NULL, 'VF', NULL, 'https://www.cinetick.fr?s=CC94FEBD689E98F92D&src=web.benshi', 0),
(11921, 626, '10:00:00', '11:12:00', 1, '2017-11-02', NULL, 25, NULL, NULL, 'VF', NULL, 'https://www.cinetick.fr?s=CC18218EC4C694DA12&src=web.benshi', 0),
(11927, 626, '16:00:00', '17:12:00', 1, '2017-11-03', NULL, 25, NULL, NULL, 'VF', NULL, 'https://www.cinetick.fr?s=CCBB58CDC5625CC36D&src=web.benshi', 0),
(11936, 625, '15:30:00', '17:00:00', 1, '2017-11-04', NULL, 25, NULL, NULL, 'VF', NULL, 'https://www.cinetick.fr?s=CCA2237D82812CCE1B&src=web.benshi', 0),
(11937, 625, '14:20:00', '15:50:00', 1, '2017-11-02', NULL, 25, NULL, NULL, 'VF', NULL, 'https://www.cinetick.fr?s=CC8A1F6D235311D5FB&src=web.benshi', 0),
(11952, 625, '15:35:00', '17:05:00', 1, '2017-11-01', NULL, 25, NULL, NULL, 'VF', NULL, 'https://www.cinetick.fr?s=CC707026485841E88B&src=web.benshi', 0),
(11956, 642, '11:00:00', '12:22:00', 1, '2017-11-05', NULL, 25, NULL, NULL, 'VF', NULL, 'https://www.cinetick.fr?s=CCE123D0EB4F19B7A8&src=web.benshi', 0),
(11957, 642, '17:30:00', '18:52:00', 1, '2017-11-03', NULL, 25, NULL, NULL, 'VF', NULL, 'https://www.cinetick.fr?s=CC0C0BC2AA065447CE&src=web.benshi', 0),
(11958, 642, '17:15:00', '18:37:00', 1, '2017-11-04', NULL, 25, NULL, NULL, 'VF', NULL, 'https://www.cinetick.fr?s=CC4E05D582ECCEBD85&src=web.benshi', 0),
(11959, 642, '16:55:00', '18:17:00', 1, '2017-11-01', NULL, 25, NULL, NULL, 'VF', NULL, 'https://www.cinetick.fr?s=CC3D9BADA5F8C5FBBD&src=web.benshi', 0),
(11960, 642, '15:30:00', '16:52:00', 1, '2017-11-05', NULL, 25, NULL, NULL, 'VF', NULL, 'https://www.cinetick.fr?s=CC73F360DD92CF166C&src=web.benshi', 0),
(12008, 625, '14:30:00', '16:00:00', 1, '2017-11-01', NULL, 82, NULL, NULL, 'VF', NULL, '', 0),
(12009, 625, '16:00:00', '17:30:00', 1, '2017-11-03', NULL, 82, NULL, NULL, 'VF', NULL, '', 0),
(12011, 625, '14:30:00', '16:00:00', 1, '2017-11-02', NULL, 82, NULL, NULL, 'VF', NULL, '', 0),
(12012, 625, '14:30:00', '16:00:00', 1, '2017-11-04', NULL, 82, NULL, NULL, 'VF', NULL, '', 0),
(12013, 625, '11:00:00', '12:30:00', 1, '2017-11-05', NULL, 82, NULL, NULL, 'VF', NULL, '', 0),
(12015, 626, '11:00:00', '12:12:00', 1, '2017-11-04', NULL, 82, NULL, NULL, 'VF', NULL, '', 0),
(12019, 626, '16:30:00', '17:42:00', 1, '2017-11-01', NULL, 82, NULL, NULL, 'VF', NULL, '', 0),
(12021, 401, '14:30:00', '16:05:00', 1, '2017-11-05', NULL, 82, NULL, NULL, 'VF', NULL, '', 0),
(12862, 625, '20:30:00', '22:00:00', 1, '2017-11-24', NULL, 3, NULL, NULL, 'VF', NULL, '', 0),
(12863, 625, '14:00:00', '15:30:00', 1, '2017-11-25', NULL, 3, NULL, NULL, 'VF', NULL, '', 0),
(12864, 625, '14:30:00', '16:00:00', 1, '2017-11-22', NULL, 3, NULL, NULL, 'VF', NULL, '', 0),
(12865, 625, '14:00:00', '15:30:00', 1, '2017-11-26', NULL, 3, NULL, NULL, 'VF', NULL, '', 0),
(12866, 626, '17:00:00', '18:12:00', 1, '2017-11-02', NULL, 3, NULL, NULL, 'VF', NULL, '', 0),
(12868, 626, '14:00:00', '15:12:00', 1, '2017-11-03', NULL, 3, NULL, NULL, 'VF', NULL, '', 0),
(12869, 626, '14:00:00', '15:12:00', 1, '2017-11-05', NULL, 3, NULL, NULL, 'VF', NULL, '', 0),
(12871, 626, '14:30:00', '15:42:00', 1, '2017-11-04', NULL, 3, NULL, NULL, 'VF', NULL, '', 0),
(12874, 626, '16:15:00', '17:27:00', 1, '2017-11-01', NULL, 3, NULL, NULL, 'VF', NULL, '', 0),
(12876, 642, '14:15:00', '15:37:00', 1, '2017-11-12', NULL, 3, NULL, NULL, 'VF', NULL, '', 0),
(12877, 642, '14:30:00', '15:52:00', 1, '2017-11-08', NULL, 3, NULL, NULL, 'VF', NULL, '', 0),
(12878, 642, '14:15:00', '15:37:00', 1, '2017-11-11', NULL, 3, NULL, NULL, 'VF', NULL, '', 0),
(12887, 659, '16:00:00', '17:11:00', 1, '2017-11-04', NULL, 23, NULL, NULL, 'VF', NULL, '', 0),
(12888, 659, '16:00:00', '17:11:00', 1, '2017-11-01', NULL, 23, NULL, NULL, 'VF', NULL, '', 0),
(12889, 659, '14:30:00', '15:41:00', 1, '2017-11-01', NULL, 23, NULL, NULL, 'VF', NULL, '', 0),
(12890, 659, '14:30:00', '15:41:00', 1, '2017-11-02', NULL, 23, NULL, NULL, 'VF', NULL, '', 0),
(12982, 625, '14:15:00', '15:45:00', 2, '2017-11-01', '', 4, NULL, NULL, '', NULL, NULL, 0),
(12983, 625, '14:00:00', '15:30:00', 2, '2017-11-02', '', 4, NULL, NULL, '', NULL, NULL, 0),
(12984, 625, '14:15:00', '15:45:00', 2, '2017-11-03', '', 4, NULL, NULL, '', NULL, NULL, 0),
(12985, 625, '14:30:00', '16:00:00', 2, '2017-11-04', '', 4, NULL, NULL, '', NULL, NULL, 0),
(12986, 625, '14:30:00', '16:00:00', 2, '2017-11-05', '', 4, NULL, NULL, '', NULL, NULL, 0),
(12987, 625, '17:45:00', '19:15:00', 3, '2017-11-01', '', 4, NULL, NULL, '', NULL, NULL, 0),
(12988, 625, '10:30:00', '12:00:00', 3, '2017-11-02', '', 4, NULL, NULL, '', NULL, NULL, 0),
(12989, 652, '10:30:00', '11:15:00', 2, '2017-11-02', '', 4, NULL, NULL, '', NULL, NULL, 0),
(12990, 652, '11:30:00', '12:15:00', 2, '2017-11-02', '', 4, NULL, NULL, '', NULL, NULL, 0),
(12991, 652, '10:30:00', '11:15:00', 2, '2017-11-05', '', 4, NULL, NULL, '', NULL, NULL, 0),
(12992, 652, '15:30:00', '16:15:00', 3, '2017-11-05', '', 4, NULL, NULL, '', NULL, NULL, 0),
(12993, 647, '14:30:00', '15:39:00', 2, '2017-11-08', '', 4, NULL, NULL, 'VF', NULL, NULL, 0),
(12994, 647, '14:00:00', '15:09:00', 2, '2017-11-11', 'Séance suivie d\'un atelier de petits films d\'animation "Coeurs à modeler" ', 4, NULL, NULL, 'VF', NULL, NULL, 0),
(12995, 647, '16:00:00', '17:09:00', 3, '2017-11-11', '', 4, NULL, NULL, 'VF', NULL, NULL, 0),
(12996, 647, '10:30:00', '11:39:00', 2, '2017-11-12', 'Séance suivie d\'un atelier de petits films d\'animation "Coeurs à modeler" ', 4, NULL, NULL, 'VF', NULL, NULL, 0),
(12997, 647, '14:30:00', '15:39:00', 2, '2017-11-12', 'Séance suivie d\'un atelier de petits films d\'animation "Coeurs à modeler" ', 4, NULL, NULL, 'VF', NULL, NULL, 0),
(13017, 588, '10:30:00', '11:20:00', 1, '2017-11-02', 'Séance de rattrapage !', 10, NULL, NULL, '', NULL, NULL, 0),
(13293, 96, '10:30:00', '12:13:00', 1, '2017-11-13', NULL, 31, NULL, NULL, 'VO', NULL, '', 0),
(13304, 626, '16:30:00', '17:42:00', 1, '2017-11-05', NULL, 31, NULL, NULL, 'VF', NULL, '', 0),
(13305, 626, '16:00:00', '17:12:00', 1, '2017-11-11', NULL, 31, NULL, NULL, 'VF', NULL, '', 0),
(13307, 727, '17:15:00', '18:01:00', 1, '2017-11-02', NULL, 31, NULL, NULL, 'VF', NULL, '', 0),
(13308, 659, '17:00:00', '18:11:00', 1, '2017-11-03', NULL, 31, NULL, NULL, 'VF', NULL, '', 0),
(13311, 628, '15:00:00', '16:22:00', 1, '2017-11-02', NULL, 31, NULL, NULL, 'VF', NULL, '', 0),
(13512, 626, '16:00:00', '17:12:00', 1, '2017-11-01', NULL, 3, NULL, NULL, 'VF', NULL, '', 0),
(13584, 659, '15:45:00', '16:56:00', 1, '2017-11-01', NULL, 30, NULL, NULL, 'VF', NULL, 'https://www.cinetick.fr?s=MS000590000032110&src=web.benshi', 0),
(13585, 659, '14:00:00', '15:11:00', 1, '2017-11-02', NULL, 30, NULL, NULL, 'VF', NULL, 'https://www.cinetick.fr?s=MS000590000032140&src=web.benshi', 0),
(13586, 659, '16:30:00', '17:41:00', 1, '2017-11-02', NULL, 30, NULL, NULL, 'VF', NULL, 'https://www.cinetick.fr?s=MS000590000032141&src=web.benshi', 0),
(13587, 659, '10:30:00', '11:41:00', 1, '2017-11-03', NULL, 30, NULL, NULL, 'VF', NULL, 'https://www.cinetick.fr?s=MS000590000032162&src=web.benshi', 0),
(13588, 659, '15:20:00', '16:31:00', 1, '2017-11-03', NULL, 30, NULL, NULL, 'VF', NULL, 'https://www.cinetick.fr?s=MS000590000032163&src=web.benshi', 0),
(13589, 659, '10:40:00', '11:51:00', 1, '2017-11-04', NULL, 30, NULL, NULL, 'VF', NULL, 'https://www.cinetick.fr?s=MS000590000032177&src=web.benshi', 0),
(13590, 625, '14:10:00', '15:40:00', 1, '2017-11-01', NULL, 30, NULL, NULL, 'VF', NULL, 'https://www.cinetick.fr?s=MS000590000032111&src=web.benshi', 0),
(13591, 625, '10:20:00', '11:50:00', 1, '2017-11-02', NULL, 30, NULL, NULL, 'VF', NULL, 'https://www.cinetick.fr?s=MS000590000032142&src=web.benshi', 0),
(13592, 625, '14:10:00', '15:40:00', 2, '2017-11-02', NULL, 30, NULL, NULL, 'VF', NULL, 'https://www.cinetick.fr?s=MS000590000032143&src=web.benshi', 0),
(13593, 625, '10:10:00', '11:40:00', 2, '2017-11-03', NULL, 30, NULL, NULL, 'VF', NULL, 'https://www.cinetick.fr?s=MS000590000032164&src=web.benshi', 0),
(13594, 625, '13:45:00', '15:15:00', 1, '2017-11-03', NULL, 30, NULL, NULL, 'VF', NULL, 'https://www.cinetick.fr?s=MS000590000032165&src=web.benshi', 0),
(13595, 625, '15:40:00', '17:10:00', 2, '2017-11-03', NULL, 30, NULL, NULL, 'VF', NULL, 'https://www.cinetick.fr?s=MS000590000032166&src=web.benshi', 0),
(13596, 625, '10:30:00', '12:00:00', 2, '2017-11-04', NULL, 30, NULL, NULL, 'VF', NULL, 'https://www.cinetick.fr?s=MS000590000032178&src=web.benshi', 0),
(13597, 625, '14:00:00', '15:30:00', 3, '2017-11-04', NULL, 30, NULL, NULL, 'VF', NULL, 'https://www.cinetick.fr?s=MS000590000032179&src=web.benshi', 0),
(13598, 642, '14:30:00', '15:52:00', 1, '2017-11-18', 'Ciné-goûter', 59, NULL, NULL, 'VF', NULL, NULL, 0),
(13614, 659, '16:20:00', '17:31:00', 1, '2017-11-05', NULL, 30, NULL, NULL, 'VF', NULL, 'https://www.cinetick.fr?s=MS000590000032182&src=web.benshi', 0),
(13615, 625, '14:10:00', '15:40:00', 2, '2017-11-05', NULL, 30, NULL, NULL, 'VF', NULL, 'https://www.cinetick.fr?s=MS000590000032183&src=web.benshi', 0),
(13637, 626, '10:15:00', '11:27:00', 2, '2017-11-02', NULL, 30, NULL, NULL, 'VF', NULL, 'https://www.cinetick.fr?s=MS000590000032192&src=web.benshi', 0),
(13638, 626, '15:15:00', '16:27:00', 1, '2017-11-02', NULL, 30, NULL, NULL, 'VF', NULL, 'https://www.cinetick.fr?s=MS000590000032193&src=web.benshi', 0),
(13639, 626, '14:15:00', '15:27:00', 2, '2017-11-03', NULL, 30, NULL, NULL, 'VF', NULL, 'https://www.cinetick.fr?s=MS000590000032206&src=web.benshi', 0),
(13640, 626, '16:40:00', '17:52:00', 1, '2017-11-03', NULL, 30, NULL, NULL, 'VF', NULL, 'https://www.cinetick.fr?s=MS000590000032207&src=web.benshi', 0),
(13653, 626, '15:40:00', '16:52:00', 3, '2017-11-04', NULL, 30, NULL, NULL, 'VF', NULL, 'https://www.cinetick.fr?s=MS000590000032213&src=web.benshi', 0),
(13654, 626, '15:45:00', '16:57:00', 2, '2017-11-05', NULL, 30, NULL, NULL, 'VF', NULL, 'https://www.cinetick.fr?s=MS000590000032215&src=web.benshi', 0),
(13655, 652, '16:15:00', '17:00:00', 1, '2017-11-04', NULL, 30, NULL, NULL, 'VF', NULL, 'https://www.cinetick.fr?s=MS000590000032219&src=web.benshi', 0),
(13656, 652, '10:20:00', '11:05:00', 3, '2017-11-03', NULL, 30, NULL, NULL, 'VF', NULL, 'https://www.cinetick.fr?s=MS000590000032220&src=web.benshi', 0),
(13658, 659, '16:15:00', '17:26:00', 1, '2017-11-05', NULL, 30, NULL, NULL, 'VF', NULL, 'https://www.cinetick.fr?s=MS000590000032182&src=web.benshi', 0),
(13659, 626, '15:20:00', '16:32:00', 1, '2017-11-02', NULL, 30, NULL, NULL, 'VF', NULL, 'https://www.cinetick.fr?s=MS000590000032193&src=web.benshi', 0),
(13660, 616, '16:00:00', '18:02:00', 1, '2017-11-18', NULL, 75, NULL, NULL, 'VF', NULL, '', 0),
(13661, 616, '16:00:00', '18:02:00', 1, '2017-11-19', NULL, 75, NULL, NULL, 'VF', NULL, '', 0),
(13662, 652, '17:30:00', '18:15:00', 1, '2017-11-04', NULL, 75, NULL, NULL, 'VF', NULL, '', 0),
(13663, 358, '15:30:00', '17:28:00', 1, '2017-11-12', NULL, 75, NULL, NULL, 'VF', NULL, '', 0),
(13679, 657, '10:30:00', '11:14:00', 1, '2017-11-19', NULL, 27, NULL, NULL, 'VF', NULL, '', 0),
(13680, 741, '18:05:05', '17:07:00', 1, '2017-12-17', '', 3, '', '', 'VF', '', '', 0),
(13681, 741, '18:05:05', '15:22:00', 1, '2017-12-13', '', 3, '', '', 'VF', '', '', 0),
(13682, 741, '18:05:05', '17:07:00', 1, '2017-12-16', '', 3, '', '', 'VF', '', '', 0),
(13683, 223, '14:30:00', '16:09:00', 1, '2017-12-15', NULL, 3, NULL, NULL, 'VF', NULL, '', 0),
(13706, 741, '18:05:05', '16:07:00', 1, '2017-11-22', '', 25, '', '', 'VF', '', 'https://www.cinetick.fr?s=CCE584EAE502103DA2&src=web.benshi', 0),
(13707, 741, '18:05:05', '16:12:00', 1, '2017-11-25', '', 25, '', '', 'VF', '', 'https://www.cinetick.fr?s=CCE8203D560C10CF1E&src=web.benshi', 0),
(13708, 741, '18:05:05', '17:02:00', 1, '2017-12-03', '', 25, '', '', 'VF', '', 'https://www.cinetick.fr?s=CCA0F8EA7ACFCDA193&src=web.benshi', 0),
(13709, 741, '18:05:05', '17:12:00', 1, '2017-11-26', '', 25, '', '', 'VF', '', 'https://www.cinetick.fr?s=CC5BC3B817318927DB&src=web.benshi', 0),
(13710, 741, '18:05:05', '16:32:00', 1, '2017-12-02', '', 25, '', '', 'VF', '', 'https://www.cinetick.fr?s=CC0019E53A15DB6035&src=web.benshi', 0),
(13711, 741, '18:05:05', '15:12:00', 1, '2017-11-29', '', 25, '', '', 'VF', '', 'https://www.cinetick.fr?s=CC5957A25F4F7F62DD&src=web.benshi', 0),
(13712, 741, '18:05:05', '10:52:00', 1, '2017-11-26', '', 25, '', '', 'VF', '', 'https://www.cinetick.fr?s=CC4D6B80D5788B527F&src=web.benshi', 0),
(13713, 642, '14:00:00', '15:22:00', 1, '2017-11-18', NULL, 25, NULL, NULL, 'VF', NULL, 'https://www.cinetick.fr?s=CC271F7F1E9B694DC4&src=web.benshi', 0),
(13714, 642, '11:20:00', '12:42:00', 1, '2017-11-15', NULL, 25, NULL, NULL, 'VF', NULL, 'https://www.cinetick.fr?s=CC15DF88D8BF59BCAF&src=web.benshi', 0),
(13715, 642, '13:45:00', '15:07:00', 1, '2017-11-08', NULL, 25, NULL, NULL, 'VF', NULL, 'https://www.cinetick.fr?s=CC3827F6A0A66C82A4&src=web.benshi', 0),
(13716, 642, '15:00:00', '16:22:00', 1, '2017-11-19', NULL, 25, NULL, NULL, 'VF', NULL, 'https://www.cinetick.fr?s=CCC0A3E87855B6F817&src=web.benshi', 0),
(13717, 642, '17:10:00', '18:32:00', 1, '2017-11-12', NULL, 25, NULL, NULL, 'VF', NULL, 'https://www.cinetick.fr?s=CCBE1ADE954484A340&src=web.benshi', 0),
(13718, 642, '15:10:00', '16:32:00', 1, '2017-11-11', NULL, 25, NULL, NULL, 'VF', NULL, 'https://www.cinetick.fr?s=CCD4E721516124B9E5&src=web.benshi', 0),
(13719, 625, '10:45:00', '12:15:00', 1, '2017-11-12', NULL, 25, NULL, NULL, 'VF', NULL, 'https://www.cinetick.fr?s=CCB23DD8F1959CCB86&src=web.benshi', 0),
(13720, 625, '15:20:00', '16:50:00', 1, '2017-11-12', NULL, 25, NULL, NULL, 'VF', NULL, 'https://www.cinetick.fr?s=CC044E8AF980448913&src=web.benshi', 0),
(13721, 625, '15:30:00', '17:00:00', 1, '2017-11-15', NULL, 25, NULL, NULL, 'VF', NULL, 'https://www.cinetick.fr?s=CC7F773B18C8BB6E9D&src=web.benshi', 0),
(13722, 625, '17:10:00', '18:40:00', 1, '2017-11-29', NULL, 25, NULL, NULL, 'VF', NULL, 'https://www.cinetick.fr?s=CCC49892B5633E71ED&src=web.benshi', 0),
(13723, 625, '17:40:00', '19:10:00', 1, '2017-11-08', NULL, 25, NULL, NULL, 'VF', NULL, 'https://www.cinetick.fr?s=CCFC2AE7EEEB5DDB42&src=web.benshi', 0),
(13728, 642, '10:45:00', '12:07:00', 1, '2017-11-02', NULL, 24, NULL, NULL, 'VF', NULL, 'https://www.cinetick.fr?s=CC16EB690E&src=web.benshi', 0),
(13729, 642, '10:45:00', '12:07:00', 1, '2017-11-05', NULL, 24, NULL, NULL, 'VF', NULL, 'https://www.cinetick.fr?s=CC28F536AA&src=web.benshi', 0),
(13730, 642, '10:45:00', '12:07:00', 1, '2017-11-04', NULL, 24, NULL, NULL, 'VF', NULL, 'https://www.cinetick.fr?s=CC4992541C&src=web.benshi', 0),
(13731, 642, '10:45:00', '12:07:00', 1, '2017-11-01', NULL, 24, NULL, NULL, 'VF', NULL, 'https://www.cinetick.fr?s=CC4ECBF715&src=web.benshi', 0),
(13732, 642, '10:45:00', '12:07:00', 1, '2017-11-03', NULL, 24, NULL, NULL, 'VF', NULL, 'https://www.cinetick.fr?s=CCCC4A45E5&src=web.benshi', 0),
(13733, 659, '11:00:00', '12:11:00', 1, '2017-11-04', NULL, 24, NULL, NULL, 'VF', NULL, 'https://www.cinetick.fr?s=CC7BBB4E28&src=web.benshi', 0),
(13734, 659, '11:00:00', '12:11:00', 1, '2017-11-03', NULL, 24, NULL, NULL, 'VF', NULL, 'https://www.cinetick.fr?s=CC8242A7C1&src=web.benshi', 0),
(13735, 659, '11:00:00', '12:11:00', 1, '2017-11-05', NULL, 24, NULL, NULL, 'VF', NULL, 'https://www.cinetick.fr?s=CC9A2EBFEF&src=web.benshi', 0),
(13736, 659, '11:00:00', '12:11:00', 1, '2017-11-02', NULL, 24, NULL, NULL, 'VF', NULL, 'https://www.cinetick.fr?s=CC9A7C667B&src=web.benshi', 0),
(13737, 659, '11:00:00', '12:11:00', 1, '2017-11-01', NULL, 24, NULL, NULL, 'VF', NULL, 'https://www.cinetick.fr?s=CC9C7F086B&src=web.benshi', 0),
(13738, 626, '14:00:00', '15:12:00', 1, '2017-11-04', NULL, 24, NULL, NULL, 'VF', NULL, 'https://www.cinetick.fr?s=CC27E507B4&src=web.benshi', 0),
(13739, 626, '14:00:00', '15:12:00', 1, '2017-11-03', NULL, 24, NULL, NULL, 'VF', NULL, 'https://www.cinetick.fr?s=CC2A95A5C5&src=web.benshi', 0),
(13740, 626, '14:00:00', '15:12:00', 1, '2017-11-01', NULL, 24, NULL, NULL, 'VF', NULL, 'https://www.cinetick.fr?s=CC331BCF03&src=web.benshi', 0),
(13741, 626, '10:55:00', '12:07:00', 1, '2017-11-03', NULL, 24, NULL, NULL, 'VF', NULL, 'https://www.cinetick.fr?s=CC4A5E6D33&src=web.benshi', 0),
(13742, 626, '14:00:00', '15:12:00', 1, '2017-11-02', NULL, 24, NULL, NULL, 'VF', NULL, 'https://www.cinetick.fr?s=CC59D11385&src=web.benshi', 0),
(13743, 626, '10:55:00', '12:07:00', 1, '2017-11-05', NULL, 24, NULL, NULL, 'VF', NULL, 'https://www.cinetick.fr?s=CC62EB2C72&src=web.benshi', 0),
(13744, 626, '10:55:00', '12:07:00', 1, '2017-11-01', NULL, 24, NULL, NULL, 'VF', NULL, 'https://www.cinetick.fr?s=CCB0966A0F&src=web.benshi', 0),
(13745, 626, '10:55:00', '12:07:00', 1, '2017-11-02', NULL, 24, NULL, NULL, 'VF', NULL, 'https://www.cinetick.fr?s=CCBE100E8C&src=web.benshi', 0),
(13746, 626, '14:00:00', '15:12:00', 1, '2017-11-05', NULL, 24, NULL, NULL, 'VF', NULL, 'https://www.cinetick.fr?s=CCC4D77B60&src=web.benshi', 0),
(13747, 626, '10:55:00', '12:07:00', 1, '2017-11-04', NULL, 24, NULL, NULL, 'VF', NULL, 'https://www.cinetick.fr?s=CC81940253&src=web.benshi', 0),
(13774, 644, '11:00:00', '12:29:00', 1, '2017-11-05', NULL, 42, NULL, NULL, 'VF', NULL, 'https://www.cinetick.fr?s=CC0AB59D62&src=web.benshi', 0),
(13775, 644, '10:00:00', '11:29:00', 1, '2017-11-03', NULL, 42, NULL, NULL, 'VF', NULL, 'https://www.cinetick.fr?s=CC5926AE73&src=web.benshi', 0),
(13776, 644, '11:00:00', '12:29:00', 1, '2017-11-02', NULL, 42, NULL, NULL, 'VF', NULL, 'https://www.cinetick.fr?s=CCE1010C78&src=web.benshi', 0),
(13777, 659, '11:15:00', '12:26:00', 1, '2017-11-01', NULL, 17, NULL, NULL, 'VF', NULL, 'https://www.cinetick.fr?s=MS000828000031315&src=web.benshi', 0),
(13778, 659, '11:15:00', '12:26:00', 1, '2017-11-02', NULL, 17, NULL, NULL, 'VF', NULL, 'https://www.cinetick.fr?s=MS000828000031316&src=web.benshi', 0),
(13779, 659, '10:30:00', '11:41:00', 2, '2017-11-04', NULL, 39, NULL, NULL, 'VF', NULL, 'https://www.cinetick.fr?s=XP17_4552&src=web.benshi', 0),
(13780, 659, '17:05:00', '18:16:00', 2, '2017-11-04', NULL, 39, NULL, NULL, 'VF', NULL, 'https://www.cinetick.fr?s=XP17_4555&src=web.benshi', 0),
(13781, 659, '17:05:00', '18:16:00', 2, '2017-11-03', NULL, 39, NULL, NULL, 'VF', NULL, 'https://www.cinetick.fr?s=XP17_4563&src=web.benshi', 0),
(13782, 659, '10:30:00', '11:41:00', 2, '2017-11-03', NULL, 39, NULL, NULL, 'VF', NULL, 'https://www.cinetick.fr?s=XP17_4567&src=web.benshi', 0),
(13783, 659, '10:30:00', '11:41:00', 2, '2017-11-01', NULL, 39, NULL, NULL, 'VF', NULL, 'https://www.cinetick.fr?s=XP17_4578&src=web.benshi', 0),
(13784, 659, '17:05:00', '18:16:00', 2, '2017-11-01', NULL, 39, NULL, NULL, 'VF', NULL, 'https://www.cinetick.fr?s=XP17_4579&src=web.benshi', 0),
(13785, 659, '10:30:00', '11:41:00', 2, '2017-11-05', NULL, 39, NULL, NULL, 'VF', NULL, 'https://www.cinetick.fr?s=XP17_4592&src=web.benshi', 0),
(13786, 659, '17:05:00', '18:16:00', 2, '2017-11-05', NULL, 39, NULL, NULL, 'VF', NULL, 'https://www.cinetick.fr?s=XP17_4596&src=web.benshi', 0),
(13787, 659, '10:30:00', '11:41:00', 2, '2017-11-02', NULL, 39, NULL, NULL, 'VF', NULL, 'https://www.cinetick.fr?s=XP17_4606&src=web.benshi', 0),
(13788, 659, '17:05:00', '18:16:00', 2, '2017-11-02', NULL, 39, NULL, NULL, 'VF', NULL, 'https://www.cinetick.fr?s=XP17_4607&src=web.benshi', 0),
(13789, 642, '16:00:00', '17:22:00', 2, '2017-11-03', NULL, 39, NULL, NULL, 'VF', NULL, 'https://www.cinetick.fr?s=XP17_4570&src=web.benshi', 0),
(13790, 642, '14:00:00', '15:22:00', 2, '2017-11-01', NULL, 39, NULL, NULL, 'VF', NULL, 'https://www.cinetick.fr?s=XP17_4577&src=web.benshi', 0),
(13791, 642, '16:00:00', '17:22:00', 2, '2017-11-02', NULL, 39, NULL, NULL, 'VF', NULL, 'https://www.cinetick.fr?s=XP17_4604&src=web.benshi', 0),
(13809, 347, '11:00:00', '11:40:00', 1, '2017-11-01', '', 11, NULL, NULL, '', NULL, NULL, 0),
(13810, 626, '15:00:00', '16:12:00', 1, '2017-11-01', '', 11, NULL, NULL, '', NULL, NULL, 0),
(13811, 315, '10:00:00', '10:55:00', 1, '2017-11-02', '', 11, NULL, NULL, '', NULL, NULL, 0),
(13813, 196, '15:00:00', '16:09:00', 1, '2017-11-03', '', 11, NULL, NULL, '', NULL, NULL, 0),
(13814, 329, '17:00:00', '17:46:00', 1, '2017-11-08', '', 11, NULL, NULL, '', NULL, NULL, 0),
(13815, 108, '15:00:00', '16:40:00', 1, '2017-11-15', '', 11, NULL, NULL, '', NULL, NULL, 0),
(13817, 347, '11:00:00', '11:40:00', 1, '2017-11-26', '', 11, NULL, NULL, '', NULL, NULL, 0),
(13818, 557, '14:00:00', '15:16:00', 2, '2017-11-01', NULL, 52, NULL, NULL, 'VO', NULL, 'https://www.cinetick.fr?s=MS000379000011423&src=web.benshi', 0),
(13819, 557, '14:00:00', '15:16:00', 2, '2017-11-03', NULL, 52, NULL, NULL, 'VO', NULL, 'https://www.cinetick.fr?s=MS000379000011450&src=web.benshi', 0),
(13820, 644, '17:40:00', '19:09:00', 3, '2017-11-01', NULL, 52, NULL, NULL, 'VO', NULL, 'https://www.cinetick.fr?s=MS000379000011430&src=web.benshi', 0),
(13821, 644, '15:40:00', '17:09:00', 3, '2017-11-02', NULL, 52, NULL, NULL, 'VO', NULL, 'https://www.cinetick.fr?s=MS000379000011441&src=web.benshi', 0),
(13822, 644, '15:40:00', '17:09:00', 3, '2017-11-03', NULL, 52, NULL, NULL, 'VO', NULL, 'https://www.cinetick.fr?s=MS000379000011456&src=web.benshi', 0),
(13823, 557, '13:40:00', '14:56:00', 2, '2017-11-04', NULL, 52, NULL, NULL, 'VO', NULL, 'https://www.cinetick.fr?s=MS000379000011465&src=web.benshi', 0),
(13824, 644, '15:40:00', '17:09:00', 3, '2017-11-04', NULL, 52, NULL, NULL, 'VO', NULL, 'https://www.cinetick.fr?s=MS000379000011474&src=web.benshi', 0),
(13825, 644, '16:00:00', '17:29:00', 1, '2017-11-05', NULL, 52, NULL, NULL, 'VO', NULL, 'https://www.cinetick.fr?s=MS000379000011479&src=web.benshi', 0),
(13826, 584, '16:00:00', '17:03:00', 3, '2017-11-05', NULL, 52, NULL, NULL, 'VO', NULL, 'https://www.cinetick.fr?s=MS000379000011488&src=web.benshi', 0),
(13827, 506, '09:30:00', '11:00:00', 2, '2017-11-07', NULL, 52, NULL, NULL, 'VO', NULL, 'https://www.cinetick.fr?s=MS000379000011504&src=web.benshi', 0),
(13828, 408, '14:45:00', '16:37:00', 1, '2017-11-28', NULL, 37, NULL, NULL, 'VO', NULL, 'https://www.cinetick.fr?s=CC070909406D64AA02&src=web.benshi', 0),
(13829, 625, '11:00:00', '12:30:00', 1, '2017-11-02', NULL, 37, NULL, NULL, 'VF', NULL, 'https://www.cinetick.fr?s=CC843C2EBAFC9373D1&src=web.benshi', 0),
(13830, 625, '14:00:00', '15:30:00', 1, '2017-11-05', NULL, 37, NULL, NULL, 'VF', NULL, 'https://www.cinetick.fr?s=CC368B6B5255DCB98A&src=web.benshi', 0),
(13831, 625, '14:00:00', '15:30:00', 1, '2017-11-03', NULL, 37, NULL, NULL, 'VF', NULL, 'https://www.cinetick.fr?s=CCD1FC0048BFF7DC1C&src=web.benshi', 0),
(13832, 625, '14:00:00', '15:30:00', 1, '2017-11-02', NULL, 37, NULL, NULL, 'VF', NULL, 'https://www.cinetick.fr?s=CC2EA79E14EF52C99A&src=web.benshi', 0),
(13833, 625, '11:00:00', '12:30:00', 1, '2017-11-03', NULL, 37, NULL, NULL, 'VF', NULL, 'https://www.cinetick.fr?s=CCE2F47BD0D1AEB9A8&src=web.benshi', 0),
(13834, 625, '14:00:00', '15:30:00', 1, '2017-11-01', NULL, 37, NULL, NULL, 'VF', NULL, 'https://www.cinetick.fr?s=CC80F8E6458CE0760F&src=web.benshi', 0),
(13835, 625, '14:00:00', '15:30:00', 1, '2017-11-04', NULL, 37, NULL, NULL, 'VF', NULL, 'https://www.cinetick.fr?s=CCC9B5242DC60E6EA5&src=web.benshi', 0),
(13836, 626, '15:50:00', '17:02:00', 1, '2017-11-02', NULL, 37, NULL, NULL, 'VF', NULL, 'https://www.cinetick.fr?s=CCB88434A34A47B742&src=web.benshi', 0),
(13837, 626, '15:20:00', '16:32:00', 1, '2017-11-05', NULL, 37, NULL, NULL, 'VF', NULL, 'https://www.cinetick.fr?s=CC136207344F3C7264&src=web.benshi', 0),
(13838, 626, '11:15:00', '12:27:00', 1, '2017-11-02', NULL, 37, NULL, NULL, 'VF', NULL, 'https://www.cinetick.fr?s=CC385279172464B034&src=web.benshi', 0),
(13839, 626, '11:15:00', '12:27:00', 1, '2017-11-03', NULL, 37, NULL, NULL, 'VF', NULL, 'https://www.cinetick.fr?s=CC3C9D45CD672677DC&src=web.benshi', 0),
(13840, 626, '14:15:00', '15:27:00', 1, '2017-11-03', NULL, 37, NULL, NULL, 'VF', NULL, 'https://www.cinetick.fr?s=CC0C411327E5CECB3E&src=web.benshi', 0),
(13841, 626, '15:20:00', '16:32:00', 1, '2017-11-04', NULL, 37, NULL, NULL, 'VF', NULL, 'https://www.cinetick.fr?s=CC4520538D8166C025&src=web.benshi', 0),
(13842, 659, '14:00:00', '15:11:00', 1, '2017-11-04', NULL, 37, NULL, NULL, 'VF', NULL, 'https://www.cinetick.fr?s=CC30A5B23B1B823C41&src=web.benshi', 0),
(13843, 659, '11:15:00', '12:26:00', 1, '2017-11-03', NULL, 37, NULL, NULL, 'VF', NULL, 'https://www.cinetick.fr?s=CCC9FAB2A71DAE0680&src=web.benshi', 0),
(13844, 659, '14:00:00', '15:11:00', 1, '2017-11-05', NULL, 37, NULL, NULL, 'VF', NULL, 'https://www.cinetick.fr?s=CC582FBB775C1BA9C9&src=web.benshi', 0),
(13845, 659, '11:15:00', '12:26:00', 1, '2017-11-02', NULL, 37, NULL, NULL, 'VF', NULL, 'https://www.cinetick.fr?s=CC5493D02CEDA1B173&src=web.benshi', 0),
(13846, 659, '16:15:00', '17:26:00', 1, '2017-11-03', NULL, 37, NULL, NULL, 'VF', NULL, 'https://www.cinetick.fr?s=CC06492E1213D6BE0A&src=web.benshi', 0),
(13847, 659, '15:40:00', '16:51:00', 1, '2017-11-01', NULL, 37, NULL, NULL, 'VF', NULL, 'https://www.cinetick.fr?s=CCCC6C53CCE5C8E145&src=web.benshi', 0),
(13848, 659, '14:00:00', '15:11:00', 1, '2017-11-02', NULL, 37, NULL, NULL, 'VF', NULL, 'https://www.cinetick.fr?s=CC6E81F22DBEC90945&src=web.benshi', 0),
(13849, 652, '11:30:00', '12:15:00', 1, '2017-11-03', NULL, 37, NULL, NULL, 'VF', NULL, 'https://www.cinetick.fr?s=CCD06A836F75B05DD4&src=web.benshi', 0),
(13850, 652, '11:30:00', '12:15:00', 1, '2017-11-02', NULL, 37, NULL, NULL, 'VF', NULL, 'https://www.cinetick.fr?s=CCC33F54347F0BBBD3&src=web.benshi', 0),
(13872, 642, '15:00:00', '16:22:00', 1, '2017-11-02', NULL, 20, NULL, NULL, 'VF', NULL, '', 0),
(13873, 625, '15:00:00', '16:30:00', 1, '2017-11-03', NULL, 20, NULL, NULL, 'VF', NULL, '', 0),
(13874, 625, '17:30:00', '19:00:00', 1, '2017-11-11', NULL, 20, NULL, NULL, 'VF', NULL, '', 0),
(13875, 625, '15:00:00', '16:30:00', 1, '2017-11-08', NULL, 20, NULL, NULL, 'VF', NULL, '', 0),
(13876, 619, '17:30:00', '18:20:00', 1, '2017-11-04', NULL, 20, NULL, NULL, 'VF', NULL, '', 0),
(13877, 735, '17:30:00', '18:25:00', 1, '2017-11-05', NULL, 20, NULL, NULL, 'VF', NULL, '', 0),
(13878, 625, '14:15:00', '15:45:00', 1, '2017-11-01', NULL, 34, NULL, NULL, 'VF', NULL, '', 0),
(13879, 625, '16:30:00', '18:00:00', 1, '2017-11-02', NULL, 34, NULL, NULL, 'VF', NULL, '', 0),
(13880, 625, '16:30:00', '18:00:00', 1, '2017-11-05', NULL, 34, NULL, NULL, 'VF', NULL, '', 0),
(13881, 625, '16:40:00', '18:10:00', 1, '2017-11-04', NULL, 34, NULL, NULL, 'VF', NULL, '', 0),
(13882, 625, '14:10:00', '15:40:00', 1, '2017-11-03', NULL, 34, NULL, NULL, 'VF', NULL, '', 0),
(13883, 626, '17:00:00', '18:12:00', 1, '2017-11-03', NULL, 34, NULL, NULL, 'VF', NULL, '', 0),
(13884, 626, '14:10:00', '15:22:00', 1, '2017-11-04', NULL, 34, NULL, NULL, 'VF', NULL, '', 0),
(13885, 626, '16:40:00', '17:52:00', 1, '2017-11-02', NULL, 34, NULL, NULL, 'VF', NULL, '', 0),
(13886, 652, '15:30:00', '16:15:00', 1, '2017-11-04', NULL, 34, NULL, NULL, 'VF', NULL, '', 0),
(13887, 652, '16:00:00', '16:45:00', 1, '2017-11-02', NULL, 34, NULL, NULL, 'VF', NULL, '', 0),
(13888, 652, '16:10:00', '16:55:00', 1, '2017-11-03', NULL, 34, NULL, NULL, 'VF', NULL, '', 0),
(13889, 652, '17:15:00', '18:00:00', 1, '2017-11-01', NULL, 34, NULL, NULL, 'VF', NULL, '', 0),
(13890, 652, '17:15:00', '18:00:00', 1, '2017-11-05', NULL, 34, NULL, NULL, 'VF', NULL, '', 0),
(13910, 625, '14:00:00', '15:30:00', 1, '2017-11-01', NULL, 19, NULL, NULL, 'VF', NULL, '', 0),
(13911, 625, '14:15:00', '15:45:00', 1, '2017-11-04', NULL, 19, NULL, NULL, 'VF', NULL, '', 0),
(13912, 625, '16:30:00', '18:00:00', 1, '2017-11-06', NULL, 19, NULL, NULL, 'VF', NULL, '', 0),
(13913, 625, '16:30:00', '18:00:00', 1, '2017-11-05', NULL, 19, NULL, NULL, 'VF', NULL, '', 0),
(13914, 625, '16:45:00', '18:15:00', 1, '2017-11-03', NULL, 19, NULL, NULL, 'VF', NULL, '', 0),
(13915, 625, '14:00:00', '15:30:00', 1, '2017-11-02', NULL, 19, NULL, NULL, 'VF', NULL, '', 0),
(13916, 625, '16:10:00', '17:40:00', 1, '2017-11-02', NULL, 19, NULL, NULL, 'VF', NULL, '', 0),
(13917, 625, '14:00:00', '15:30:00', 1, '2017-11-03', NULL, 19, NULL, NULL, 'VF', NULL, '', 0),
(13918, 625, '11:15:00', '12:45:00', 1, '2017-11-05', NULL, 19, NULL, NULL, 'VF', NULL, '', 0),
(13919, 625, '15:45:00', '17:15:00', 1, '2017-11-04', NULL, 19, NULL, NULL, 'VF', NULL, '', 0),
(13920, 625, '16:30:00', '18:00:00', 1, '2017-11-07', NULL, 19, NULL, NULL, 'VF', NULL, '', 0),
(13921, 625, '10:00:00', '11:30:00', 1, '2017-11-04', NULL, 19, NULL, NULL, 'VF', NULL, '', 0),
(13922, 625, '10:15:00', '11:45:00', 1, '2017-11-01', NULL, 19, NULL, NULL, 'VF', NULL, '', 0),
(13923, 625, '10:15:00', '11:45:00', 1, '2017-11-02', NULL, 19, NULL, NULL, 'VF', NULL, '', 0),
(13924, 625, '16:30:00', '18:00:00', 1, '2017-11-01', NULL, 19, NULL, NULL, 'VF', NULL, '', 0),
(13925, 626, '10:00:00', '11:12:00', 1, '2017-11-05', NULL, 19, NULL, NULL, 'VF', NULL, '', 0),
(13926, 626, '15:15:00', '16:27:00', 1, '2017-11-03', NULL, 19, NULL, NULL, 'VF', NULL, '', 0),
(13927, 626, '10:00:00', '11:12:00', 1, '2017-11-02', NULL, 19, NULL, NULL, 'VF', NULL, '', 0),
(13928, 727, '10:00:00', '10:46:00', 1, '2017-11-01', NULL, 19, NULL, NULL, 'VF', NULL, '', 0),
(13929, 727, '16:00:00', '16:46:00', 1, '2017-11-03', NULL, 19, NULL, NULL, 'VF', NULL, '', 0),
(13930, 727, '14:00:00', '14:46:00', 1, '2017-11-02', NULL, 19, NULL, NULL, 'VF', NULL, '', 0),
(13931, 657, '14:00:00', '14:44:00', 1, '2017-11-02', NULL, 19, NULL, NULL, 'VF', NULL, '', 0),
(13932, 657, '10:00:00', '10:44:00', 1, '2017-11-04', NULL, 19, NULL, NULL, 'VF', NULL, '', 0),
(13933, 659, '10:15:00', '11:26:00', 1, '2017-11-01', NULL, 19, NULL, NULL, 'VF', NULL, '', 0),
(13934, 659, '10:00:00', '11:11:00', 1, '2017-11-04', NULL, 19, NULL, NULL, 'VF', NULL, '', 0),
(13935, 659, '14:00:00', '15:11:00', 1, '2017-11-03', NULL, 19, NULL, NULL, 'VF', NULL, '', 0),
(13936, 659, '14:55:00', '16:06:00', 1, '2017-11-05', NULL, 19, NULL, NULL, 'VF', NULL, '', 0),
(13937, 659, '10:30:00', '11:41:00', 1, '2017-11-03', NULL, 19, NULL, NULL, 'VF', NULL, '', 0),
(13938, 642, '14:50:00', '16:12:00', 1, '2017-11-02', NULL, 19, NULL, NULL, 'VF', NULL, '', 0),
(13942, 616, '16:30:00', '18:32:00', 1, '2017-11-05', NULL, 38, NULL, NULL, 'VF', NULL, 'https://www.cinetick.fr?s=CC3770B363&src=web.benshi', 0),
(13943, 644, '14:50:00', '16:19:00', 1, '2017-11-05', NULL, 38, NULL, NULL, 'VF', NULL, 'https://www.cinetick.fr?s=CC5F5C58A7&src=web.benshi', 0),
(13944, 626, '10:30:00', '11:42:00', 1, '2017-11-04', NULL, 38, NULL, NULL, 'VF', NULL, 'https://www.cinetick.fr?s=CC8CE2ECB6&src=web.benshi', 0),
(13945, 626, '15:00:00', '16:12:00', 1, '2017-11-05', NULL, 38, NULL, NULL, 'VF', NULL, 'https://www.cinetick.fr?s=CCC57500E9&src=web.benshi', 0),
(13946, 626, '14:30:00', '15:42:00', 1, '2017-11-01', NULL, 38, NULL, NULL, 'VF', NULL, 'https://www.cinetick.fr?s=CCDAAEE038&src=web.benshi', 0),
(13948, 559, '20:30:00', '22:19:00', 1, '2017-11-01', NULL, 1, NULL, NULL, 'VO', NULL, 'https://www.cinetick.fr?s=XP14_1340&src=web.benshi', 0),
(13949, 559, '20:30:00', '22:19:00', 1, '2017-11-03', NULL, 1, NULL, NULL, 'VO', NULL, 'https://www.cinetick.fr?s=XP14_1346&src=web.benshi', 0),
(13950, 559, '20:30:00', '22:19:00', 1, '2017-11-05', NULL, 1, NULL, NULL, 'VO', NULL, 'https://www.cinetick.fr?s=XP14_1353&src=web.benshi', 0),
(13951, 559, '20:30:00', '22:19:00', 1, '2017-11-04', NULL, 1, NULL, NULL, 'VO', NULL, 'https://www.cinetick.fr?s=XP14_1360&src=web.benshi', 0),
(13952, 559, '20:30:00', '22:19:00', 1, '2017-11-02', NULL, 1, NULL, NULL, 'VO', NULL, 'https://www.cinetick.fr?s=XP14_1367&src=web.benshi', 0),
(13953, 659, '17:45:00', '18:56:00', 1, '2017-11-01', NULL, 1, NULL, NULL, 'VF', NULL, 'https://www.cinetick.fr?s=XP14_1342&src=web.benshi', 0),
(13954, 659, '19:15:00', '20:26:00', 1, '2017-11-01', NULL, 1, NULL, NULL, 'VO', NULL, 'https://www.cinetick.fr?s=XP14_1344&src=web.benshi', 0),
(13955, 659, '19:15:00', '20:26:00', 1, '2017-11-03', NULL, 1, NULL, NULL, 'VO', NULL, 'https://www.cinetick.fr?s=XP14_1347&src=web.benshi', 0),
(13956, 659, '17:45:00', '18:56:00', 1, '2017-11-03', NULL, 1, NULL, NULL, 'VF', NULL, 'https://www.cinetick.fr?s=XP14_1350&src=web.benshi', 0),
(13957, 659, '17:45:00', '18:56:00', 1, '2017-11-05', NULL, 1, NULL, NULL, 'VF', NULL, 'https://www.cinetick.fr?s=XP14_1357&src=web.benshi', 0),
(13958, 659, '19:15:00', '20:26:00', 1, '2017-11-05', NULL, 1, NULL, NULL, 'VO', NULL, 'https://www.cinetick.fr?s=XP14_1358&src=web.benshi', 0),
(13959, 659, '14:15:00', '15:26:00', 1, '2017-11-04', NULL, 1, NULL, NULL, 'VF', NULL, 'https://www.cinetick.fr?s=XP14_1364&src=web.benshi', 0),
(13960, 659, '14:15:00', '15:26:00', 1, '2017-11-02', NULL, 1, NULL, NULL, 'VF', NULL, 'https://www.cinetick.fr?s=XP14_1366&src=web.benshi', 0),
(13961, 659, '19:15:00', '20:26:00', 1, '2017-11-02', NULL, 1, NULL, NULL, 'VO', NULL, 'https://www.cinetick.fr?s=XP14_1370&src=web.benshi', 0),
(13962, 728, '16:45:00', '17:30:00', 1, '2017-11-01', NULL, 1, NULL, NULL, 'VF', NULL, 'https://www.cinetick.fr?s=XP14_1341&src=web.benshi', 0),
(13963, 728, '16:45:00', '17:30:00', 1, '2017-11-03', NULL, 1, NULL, NULL, 'VF', NULL, 'https://www.cinetick.fr?s=XP14_1348&src=web.benshi', 0),
(13964, 728, '16:45:00', '17:30:00', 1, '2017-11-05', NULL, 1, NULL, NULL, 'VF', NULL, 'https://www.cinetick.fr?s=XP14_1356&src=web.benshi', 0),
(13965, 728, '15:45:00', '16:30:00', 1, '2017-11-04', NULL, 1, NULL, NULL, 'VF', NULL, 'https://www.cinetick.fr?s=XP14_1362&src=web.benshi', 0),
(13966, 728, '15:45:00', '16:30:00', 1, '2017-11-02', NULL, 1, NULL, NULL, 'VF', NULL, 'https://www.cinetick.fr?s=XP14_1371&src=web.benshi', 0),
(13967, 652, '15:45:00', '16:30:00', 1, '2017-11-01', NULL, 1, NULL, NULL, 'VF', NULL, 'https://www.cinetick.fr?s=XP14_1343&src=web.benshi', 0),
(13968, 652, '15:45:00', '16:30:00', 1, '2017-11-03', NULL, 1, NULL, NULL, 'VF', NULL, 'https://www.cinetick.fr?s=XP14_1349&src=web.benshi', 0),
(13969, 652, '15:45:00', '16:30:00', 1, '2017-11-05', NULL, 1, NULL, NULL, 'VF', NULL, 'https://www.cinetick.fr?s=XP14_1355&src=web.benshi', 0),
(13970, 652, '16:45:00', '17:30:00', 1, '2017-11-04', NULL, 1, NULL, NULL, 'VF', NULL, 'https://www.cinetick.fr?s=XP14_1359&src=web.benshi', 0),
(13971, 652, '16:45:00', '17:30:00', 1, '2017-11-02', NULL, 1, NULL, NULL, 'VF', NULL, 'https://www.cinetick.fr?s=XP14_1365&src=web.benshi', 0),
(13972, 626, '14:15:00', '15:27:00', 1, '2017-11-01', NULL, 1, NULL, NULL, 'VF', NULL, 'https://www.cinetick.fr?s=XP14_1345&src=web.benshi', 0),
(13973, 626, '14:15:00', '15:27:00', 1, '2017-11-03', NULL, 1, NULL, NULL, 'VF', NULL, 'https://www.cinetick.fr?s=XP14_1352&src=web.benshi', 0),
(13974, 626, '14:15:00', '15:27:00', 1, '2017-11-05', NULL, 1, NULL, NULL, 'VF', NULL, 'https://www.cinetick.fr?s=XP14_1354&src=web.benshi', 0),
(13975, 626, '11:30:00', '12:42:00', 1, '2017-11-04', NULL, 1, NULL, NULL, 'VF', NULL, 'https://www.cinetick.fr?s=XP14_1361&src=web.benshi', 0),
(13976, 626, '17:45:00', '18:57:00', 1, '2017-11-02', NULL, 1, NULL, NULL, 'VF', NULL, 'https://www.cinetick.fr?s=XP14_1368&src=web.benshi', 0),
(13977, 626, '10:15:00', '11:27:00', 1, '2017-11-02', NULL, 1, NULL, NULL, 'VF', NULL, 'https://www.cinetick.fr?s=XP14_1369&src=web.benshi', 0),
(13978, 624, '10:15:00', '11:14:00', 1, '2017-11-03', NULL, 1, NULL, NULL, 'VF', NULL, 'https://www.cinetick.fr?s=XP14_1351&src=web.benshi', 0),
(13979, 593, '18:00:00', '19:22:00', 1, '2017-11-04', NULL, 1, NULL, NULL, 'VF', NULL, 'https://www.cinetick.fr?s=XP14_1363&src=web.benshi', 0),
(13980, 735, '14:15:00', '15:10:00', 1, '2017-11-25', NULL, 25, NULL, NULL, 'VF', NULL, 'https://www.cinetick.fr?s=CC7C91239CAB25F17E&src=web.benshi', 0),
(13981, 735, '14:25:00', '15:20:00', 1, '2017-11-29', NULL, 25, NULL, NULL, 'VF', NULL, 'https://www.cinetick.fr?s=CCB44FF97E1036210D&src=web.benshi', 0),
(13982, 735, '15:15:00', '16:10:00', 1, '2017-11-26', NULL, 25, NULL, NULL, 'VF', NULL, 'https://www.cinetick.fr?s=CCD29F91A491B808D6&src=web.benshi', 0),
(13983, 735, '15:50:00', '16:45:00', 1, '2017-11-22', NULL, 25, NULL, NULL, 'VF', NULL, 'https://www.cinetick.fr?s=CC2B2CB05214CD4A62&src=web.benshi', 0),
(13984, 735, '16:40:00', '17:35:00', 1, '2017-12-02', NULL, 25, NULL, NULL, 'VF', NULL, 'https://www.cinetick.fr?s=CC9ED9F935D23D9784&src=web.benshi', 0),
(13985, 735, '15:55:00', '16:50:00', 1, '2017-12-03', NULL, 25, NULL, NULL, 'VF', NULL, 'https://www.cinetick.fr?s=CCA6569E5FD243E1BE&src=web.benshi', 0),
(13990, 559, '18:00:00', '19:49:00', 1, '2017-11-03', NULL, 19, NULL, NULL, 'VO', NULL, '', 0),
(13992, 625, '13:45:00', '15:15:00', 3, '2017-11-08', NULL, 30, NULL, NULL, 'VF', NULL, 'https://www.cinetick.fr?s=MS000590000032252&src=web.benshi', 0),
(14001, 625, '13:45:00', '15:15:00', 1, '2017-11-11', NULL, 30, NULL, NULL, 'VF', NULL, 'https://www.cinetick.fr?s=MS000590000032319&src=web.benshi', 0),
(14002, 625, '13:45:00', '15:15:00', 3, '2017-11-12', NULL, 30, NULL, NULL, 'VF', NULL, 'https://www.cinetick.fr?s=MS000590000032328&src=web.benshi', 0),
(14003, 626, '15:40:00', '16:52:00', 2, '2017-11-08', NULL, 30, NULL, NULL, 'VF', NULL, 'https://www.cinetick.fr?s=MS000590000032342&src=web.benshi', 0),
(14004, 626, '10:45:00', '11:57:00', 2, '2017-11-11', NULL, 30, NULL, NULL, 'VF', NULL, 'https://www.cinetick.fr?s=MS000590000032346&src=web.benshi', 0),
(14005, 626, '16:15:00', '17:27:00', 1, '2017-11-11', NULL, 30, NULL, NULL, 'VF', NULL, 'https://www.cinetick.fr?s=MS000590000032347&src=web.benshi', 0),
(14006, 727, '16:00:00', '16:46:00', 1, '2017-11-08', NULL, 30, NULL, NULL, 'VF', NULL, 'https://www.cinetick.fr?s=MS000590000032341&src=web.benshi', 0),
(14007, 727, '10:45:00', '11:31:00', 1, '2017-11-11', NULL, 30, NULL, NULL, 'VF', NULL, 'https://www.cinetick.fr?s=MS000590000032343&src=web.benshi', 0),
(14008, 727, '15:20:00', '16:06:00', 1, '2017-11-11', NULL, 30, NULL, NULL, 'VF', NULL, 'https://www.cinetick.fr?s=MS000590000032344&src=web.benshi', 0),
(14009, 727, '16:00:00', '16:46:00', 1, '2017-11-12', NULL, 30, NULL, NULL, 'VF', NULL, 'https://www.cinetick.fr?s=MS000590000032345&src=web.benshi', 0),
(14013, 659, '16:15:00', '17:26:00', 3, '2017-11-01', '', 66, NULL, NULL, '', NULL, NULL, 0),
(14014, 659, '16:15:00', '17:26:00', 3, '2017-11-02', '', 66, NULL, NULL, '', NULL, NULL, 0),
(14015, 659, '16:15:00', '17:26:00', 3, '2017-11-03', '', 66, NULL, NULL, '', NULL, NULL, 0),
(14016, 659, '16:15:00', '17:26:00', 3, '2017-11-04', '', 66, NULL, NULL, '', NULL, NULL, 0),
(14017, 659, '16:15:00', '17:26:00', 3, '2017-11-05', '', 66, NULL, NULL, '', NULL, NULL, 0),
(14018, 652, '16:15:00', '17:00:00', 4, '2017-11-01', '', 66, NULL, NULL, '', NULL, NULL, 0),
(14019, 652, '16:15:00', '17:00:00', 4, '2017-11-02', '', 66, NULL, NULL, '', NULL, NULL, 0),
(14020, 652, '16:15:00', '17:00:00', 4, '2017-11-03', '', 66, NULL, NULL, '', NULL, NULL, 0),
(14021, 652, '16:15:00', '17:00:00', 4, '2017-11-04', '', 66, NULL, NULL, '', NULL, NULL, 0),
(14022, 652, '16:15:00', '17:00:00', 4, '2017-11-05', '', 66, NULL, NULL, '', NULL, NULL, 0),
(14023, 625, '16:15:00', '17:45:00', 1, '2017-11-01', '', 66, NULL, NULL, '', NULL, NULL, 0),
(14024, 625, '16:15:00', '17:45:00', 1, '2017-11-02', '', 66, NULL, NULL, '', NULL, NULL, 0),
(14025, 625, '16:15:00', '17:45:00', 1, '2017-11-03', '', 66, NULL, NULL, '', NULL, NULL, 0),
(14026, 625, '16:15:00', '17:45:00', 1, '2017-11-04', '', 66, NULL, NULL, '', NULL, NULL, 0),
(14027, 625, '16:15:00', '17:45:00', 1, '2017-11-05', '', 66, NULL, NULL, '', NULL, NULL, 0),
(14028, 625, '17:45:00', '19:15:00', 5, '2017-11-01', '', 66, NULL, NULL, '', NULL, NULL, 0),
(14029, 625, '17:45:00', '19:15:00', 5, '2017-11-02', '', 66, NULL, NULL, '', NULL, NULL, 0),
(14030, 625, '17:45:00', '19:15:00', 5, '2017-11-03', '', 66, NULL, NULL, '', NULL, NULL, 0),
(14031, 625, '17:45:00', '19:15:00', 5, '2017-11-04', '', 66, NULL, NULL, '', NULL, NULL, 0),
(14032, 625, '17:45:00', '19:15:00', 5, '2017-11-05', '', 66, NULL, NULL, '', NULL, NULL, 0),
(14033, 625, '16:00:00', '17:30:00', 1, '2017-11-08', '', 66, NULL, NULL, '', NULL, NULL, 0),
(14034, 625, '16:00:00', '17:30:00', 1, '2017-11-12', '', 66, NULL, NULL, '', NULL, NULL, 0),
(14035, 625, '16:00:00', '17:30:00', 1, '2017-11-11', '', 66, NULL, NULL, '', NULL, NULL, 0),
(14036, 626, '14:15:00', '15:27:00', 4, '2017-11-08', '', 66, NULL, NULL, '', NULL, NULL, 0),
(14037, 626, '14:15:00', '15:27:00', 4, '2017-11-12', '', 66, NULL, NULL, '', NULL, NULL, 0),
(14038, 626, '14:15:00', '15:27:00', 4, '2017-11-11', '', 66, NULL, NULL, '', NULL, NULL, 0),
(14039, 626, '16:00:00', '17:12:00', 4, '2017-11-08', '', 66, NULL, NULL, '', NULL, NULL, 0),
(14040, 626, '16:00:00', '17:12:00', 4, '2017-11-12', '', 66, NULL, NULL, '', NULL, NULL, 0),
(14041, 626, '16:00:00', '17:12:00', 4, '2017-11-11', '', 66, NULL, NULL, '', NULL, NULL, 0),
(14042, 626, '16:30:00', '17:42:00', 4, '2017-11-15', '', 66, NULL, NULL, '', NULL, NULL, 0),
(14043, 626, '16:30:00', '17:42:00', 4, '2017-11-19', '', 66, NULL, NULL, '', NULL, NULL, 0),
(14045, 642, '16:00:00', '17:22:00', 1, '2017-11-15', '', 66, NULL, NULL, '', NULL, NULL, 0),
(14046, 642, '16:00:00', '17:22:00', 1, '2017-11-19', '', 66, NULL, NULL, '', NULL, NULL, 0),
(14047, 642, '16:00:00', '17:22:00', 1, '2017-11-18', '', 66, NULL, NULL, '', NULL, NULL, 0),
(14048, 626, '16:30:00', '17:42:00', 4, '2017-11-18', '', 66, NULL, NULL, '', NULL, NULL, 0),
(14049, 642, '17:30:00', '18:52:00', 1, '2017-11-15', '', 66, NULL, NULL, '', NULL, NULL, 0),
(14050, 642, '17:30:00', '18:52:00', 1, '2017-11-18', '', 66, NULL, NULL, '', NULL, NULL, 0),
(14051, 642, '17:30:00', '18:52:00', 1, '2017-11-19', '', 66, NULL, NULL, '', NULL, NULL, 0),
(14052, 293, '14:15:00', '15:08:00', 7, '2017-11-22', '', 66, NULL, NULL, '', NULL, NULL, 0),
(14053, 735, '16:15:00', '17:10:00', 1, '2017-11-22', '', 66, NULL, NULL, '', NULL, NULL, 0),
(14054, 735, '16:15:00', '17:10:00', 1, '2017-11-25', '', 66, NULL, NULL, '', NULL, NULL, 0),
(14055, 735, '16:15:00', '17:10:00', 1, '2017-11-26', '', 66, NULL, NULL, '', NULL, NULL, 0),
(14056, 735, '14:15:00', '15:10:00', 1, '2017-11-25', '', 66, NULL, NULL, '', NULL, NULL, 0),
(14058, 735, '14:15:00', '15:10:00', 1, '2017-11-26', '', 66, NULL, NULL, '', NULL, NULL, 0),
(14059, 626, '16:15:00', '17:27:00', 5, '2017-11-22', '', 66, NULL, NULL, '', NULL, NULL, 0),
(14060, 626, '16:15:00', '17:27:00', 5, '2017-11-25', '', 66, NULL, NULL, '', NULL, NULL, 0),
(14061, 626, '16:15:00', '17:27:00', 5, '2017-11-26', '', 66, NULL, NULL, '', NULL, NULL, 0),
(14062, 642, '16:00:00', '17:22:00', 6, '2017-11-25', '', 66, NULL, NULL, '', NULL, NULL, 0),
(14063, 642, '16:00:00', '17:22:00', 6, '2017-11-22', '', 66, NULL, NULL, '', NULL, NULL, 0),
(14064, 642, '16:00:00', '17:22:00', 6, '2017-11-26', '', 66, NULL, NULL, '', NULL, NULL, 0),
(14065, 647, '14:15:00', '15:24:00', 1, '2017-11-29', '', 66, NULL, NULL, '', NULL, NULL, 0),
(14066, 647, '14:15:00', '15:24:00', 1, '2017-12-02', '', 66, NULL, NULL, '', NULL, NULL, 0),
(14067, 647, '14:15:00', '15:24:00', 1, '2017-12-03', '', 66, NULL, NULL, '', NULL, NULL, 0),
(14068, 647, '16:00:00', '17:09:00', 1, '2017-11-29', '', 66, NULL, NULL, '', NULL, NULL, 0),
(14069, 647, '16:00:00', '17:09:00', 1, '2017-12-02', '', 66, NULL, NULL, '', NULL, NULL, 0),
(14070, 647, '16:00:00', '17:09:00', 1, '2017-12-03', '', 66, NULL, NULL, '', NULL, NULL, 0),
(14071, 735, '16:15:00', '17:10:00', 4, '2017-11-29', '', 66, NULL, NULL, '', NULL, NULL, 0),
(14072, 735, '16:15:00', '17:10:00', 4, '2017-12-02', '', 66, NULL, NULL, '', NULL, NULL, 0),
(14073, 735, '16:15:00', '17:10:00', 4, '2017-12-03', '', 66, NULL, NULL, '', NULL, NULL, 0),
(14074, 735, '17:15:00', '18:10:00', 4, '2017-11-29', '', 66, NULL, NULL, '', NULL, NULL, 0),
(14075, 735, '17:15:00', '18:10:00', 4, '2017-12-02', '', 66, NULL, NULL, '', NULL, NULL, 0),
(14076, 735, '17:15:00', '18:10:00', 4, '2017-12-03', '', 66, NULL, NULL, '', NULL, NULL, 0),
(14077, 626, '11:00:00', '12:12:00', 1, '2017-11-02', '', 48, NULL, NULL, '', NULL, NULL, 0),
(14078, 626, '11:00:00', '12:12:00', 1, '2017-11-03', '', 48, NULL, NULL, '', NULL, NULL, 0),
(14079, 626, '11:00:00', '12:12:00', 1, '2017-11-05', '', 48, NULL, NULL, '', NULL, NULL, 0),
(14080, 626, '15:00:00', '16:12:00', 1, '2017-11-08', '', 48, NULL, NULL, '', NULL, NULL, 0),
(14081, 625, '11:00:00', '12:30:00', 1, '2017-11-04', '', 48, NULL, NULL, '', '[]', NULL, 0),
(14082, 625, '14:00:00', '15:30:00', 1, '2017-11-03', '', 48, NULL, NULL, '', NULL, NULL, 0),
(14083, 625, '14:00:00', '15:30:00', 1, '2017-11-05', '', 48, NULL, NULL, '', NULL, NULL, 0),
(14084, 625, '14:00:00', '15:30:00', 1, '2017-11-02', '', 48, NULL, NULL, '', NULL, NULL, 0),
(14091, 408, '14:45:00', '16:37:00', 1, '2017-11-21', NULL, 37, NULL, NULL, 'VO', NULL, 'https://www.cinetick.fr?s=CCF27F6BCCD980A363&src=web.benshi', 0),
(14092, 408, '14:00:00', '15:52:00', 1, '2017-11-26', NULL, 37, NULL, NULL, 'VO', NULL, 'https://www.cinetick.fr?s=CC27A76B0CD7BA02C5&src=web.benshi', 0),
(14125, 652, '17:00:00', '17:45:00', 1, '2017-11-08', NULL, 34, NULL, NULL, 'VF', NULL, '', 0),
(14126, 652, '17:00:00', '17:45:00', 1, '2017-11-12', NULL, 34, NULL, NULL, 'VF', NULL, '', 0),
(14127, 652, '17:00:00', '17:45:00', 1, '2017-11-11', NULL, 34, NULL, NULL, 'VF', NULL, '', 0),
(14128, 625, '16:15:00', '17:45:00', 1, '2017-11-08', NULL, 34, NULL, NULL, 'VF', NULL, '', 0),
(14129, 625, '16:45:00', '18:15:00', 1, '2017-11-12', NULL, 34, NULL, NULL, 'VF', NULL, '', 0),
(14130, 625, '14:15:00', '15:45:00', 1, '2017-11-11', NULL, 34, NULL, NULL, 'VF', NULL, '', 0),
(14150, 642, '10:30:00', '11:52:00', 1, '2017-12-10', NULL, 57, NULL, NULL, 'VF', NULL, '', 0);
INSERT INTO `seance` (`id`, `film_id`, `start_horaire`, `end_horaire`, `nsalle`, `jour`, `evenement`, `cinema_id`, `description_event`, `description`, `technique`, `repeat_event_json`, `booking_url`, `hidden`) VALUES
(14151, 642, '15:00:00', '16:22:00', 1, '2017-12-09', NULL, 57, NULL, NULL, 'VF', NULL, '', 0),
(14152, 642, '15:00:00', '16:22:00', 1, '2017-12-06', NULL, 57, NULL, NULL, 'VF', NULL, '', 0),
(14153, 659, '15:00:00', '16:11:00', 1, '2017-11-22', NULL, 57, NULL, NULL, 'VF', NULL, '', 0),
(14154, 659, '14:30:00', '15:41:00', 1, '2017-11-26', NULL, 57, NULL, NULL, 'VF', NULL, '', 0),
(14155, 659, '14:30:00', '15:41:00', 1, '2017-11-25', NULL, 57, NULL, NULL, 'VF', NULL, '', 0),
(14156, 626, '14:30:00', '15:42:00', 1, '2017-11-29', NULL, 57, NULL, NULL, 'VF', NULL, '', 0),
(14157, 626, '11:00:00', '12:12:00', 1, '2017-12-03', NULL, 57, NULL, NULL, 'VF', NULL, '', 0),
(14158, 656, '19:00:00', '20:56:00', 1, '2017-12-02', NULL, 57, NULL, NULL, 'VO', NULL, '', 0),
(14162, 652, '16:00:00', '16:45:00', 1, '2017-11-05', NULL, 69, NULL, NULL, 'VF', NULL, '', 0),
(14190, 728, '10:30:00', '11:15:00', 1, '2017-11-11', NULL, 1, NULL, NULL, 'VF', NULL, 'https://www.cinetick.fr?s=XP14_1373&src=web.benshi', 0),
(14191, 728, '11:30:00', '12:15:00', 1, '2017-11-12', NULL, 1, NULL, NULL, 'VF', NULL, 'https://www.cinetick.fr?s=XP14_1380&src=web.benshi', 0),
(14192, 559, '20:30:00', '22:19:00', 1, '2017-11-11', NULL, 1, NULL, NULL, 'VO', NULL, 'https://www.cinetick.fr?s=XP14_1376&src=web.benshi', 0),
(14193, 559, '20:30:00', '22:19:00', 1, '2017-11-14', NULL, 1, NULL, NULL, 'VO', NULL, 'https://www.cinetick.fr?s=XP14_1392&src=web.benshi', 0),
(14194, 652, '11:30:00', '12:15:00', 1, '2017-11-11', NULL, 1, NULL, NULL, 'VF', NULL, 'https://www.cinetick.fr?s=XP14_1377&src=web.benshi', 0),
(14195, 652, '10:30:00', '11:15:00', 1, '2017-11-12', NULL, 1, NULL, NULL, 'VF', NULL, 'https://www.cinetick.fr?s=XP14_1379&src=web.benshi', 0),
(14196, 593, '18:00:00', '19:22:00', 1, '2017-11-11', NULL, 1, NULL, NULL, 'VO', NULL, 'https://www.cinetick.fr?s=XP14_1378&src=web.benshi', 0),
(14197, 659, '17:30:00', '18:41:00', 1, '2017-11-12', NULL, 1, NULL, NULL, 'VF', NULL, 'https://www.cinetick.fr?s=XP14_1381&src=web.benshi', 0),
(14198, 659, '17:30:00', '18:41:00', 1, '2017-11-14', NULL, 1, NULL, NULL, 'VF', NULL, 'https://www.cinetick.fr?s=XP14_1391&src=web.benshi', 0),
(14199, 626, '17:30:00', '18:42:00', 1, '2017-11-13', NULL, 1, NULL, NULL, 'VF', NULL, 'https://www.cinetick.fr?s=XP14_1388&src=web.benshi', 0),
(14200, 626, '17:30:00', '18:42:00', 1, '2017-11-08', NULL, 1, NULL, NULL, 'VF', NULL, 'https://www.cinetick.fr?s=XP14_1395&src=web.benshi', 0),
(14208, 626, '10:55:00', '12:07:00', 1, '2017-11-12', NULL, 24, NULL, NULL, 'VF', NULL, 'https://www.cinetick.fr?s=CC41771F3A&src=web.benshi', 0),
(14209, 626, '10:55:00', '12:07:00', 1, '2017-11-11', NULL, 24, NULL, NULL, 'VF', NULL, 'https://www.cinetick.fr?s=CC698CB399&src=web.benshi', 0),
(14210, 659, '17:15:00', '18:26:00', 1, '2017-11-08', NULL, 39, NULL, NULL, 'VF', NULL, 'https://www.cinetick.fr?s=XP17_4670&src=web.benshi', 0),
(14211, 659, '10:30:00', '11:41:00', 1, '2017-11-12', NULL, 39, NULL, NULL, 'VF', NULL, 'https://www.cinetick.fr?s=XP17_4680&src=web.benshi', 0),
(14212, 659, '17:00:00', '18:11:00', 1, '2017-11-12', NULL, 39, NULL, NULL, 'VF', NULL, 'https://www.cinetick.fr?s=XP17_4683&src=web.benshi', 0),
(14213, 659, '17:00:00', '18:11:00', 1, '2017-11-11', NULL, 39, NULL, NULL, 'VF', NULL, 'https://www.cinetick.fr?s=XP17_4698&src=web.benshi', 0),
(14214, 644, '11:00:00', '12:29:00', 1, '2017-11-12', NULL, 42, NULL, NULL, 'VF', NULL, 'https://www.cinetick.fr?s=CC2F9A3F7F&src=web.benshi', 0),
(14215, 506, '09:30:00', '11:00:00', 2, '2017-11-09', NULL, 52, NULL, NULL, 'VO', NULL, 'https://www.cinetick.fr?s=MS000379000011541&src=web.benshi', 0),
(14216, 506, '09:30:00', '11:00:00', 2, '2017-11-10', NULL, 52, NULL, NULL, 'VO', NULL, 'https://www.cinetick.fr?s=MS000379000011559&src=web.benshi', 0),
(14217, 506, '09:30:00', '11:00:00', 2, '2017-11-13', NULL, 52, NULL, NULL, 'VO', NULL, 'https://www.cinetick.fr?s=MS000379000011603&src=web.benshi', 0),
(14218, 506, '09:30:00', '11:00:00', 2, '2017-11-14', NULL, 52, NULL, NULL, 'VO', NULL, 'https://www.cinetick.fr?s=MS000379000011627&src=web.benshi', 0),
(14219, 557, '14:00:00', '15:16:00', 2, '2017-11-08', NULL, 52, NULL, NULL, 'VO', NULL, 'https://www.cinetick.fr?s=MS000379000011531&src=web.benshi', 0),
(14220, 557, '14:00:00', '15:16:00', 2, '2017-11-11', NULL, 52, NULL, NULL, 'VO', NULL, 'https://www.cinetick.fr?s=MS000379000011578&src=web.benshi', 0),
(14221, 644, '17:20:00', '18:49:00', 3, '2017-11-08', NULL, 52, NULL, NULL, 'VO', NULL, 'https://www.cinetick.fr?s=MS000379000011537&src=web.benshi', 0),
(14222, 644, '15:40:00', '17:09:00', 3, '2017-11-11', NULL, 52, NULL, NULL, 'VO', NULL, 'https://www.cinetick.fr?s=MS000379000011584&src=web.benshi', 0),
(14223, 644, '16:00:00', '17:29:00', 1, '2017-11-12', NULL, 52, NULL, NULL, 'VO', NULL, 'https://www.cinetick.fr?s=MS000379000011589&src=web.benshi', 0),
(14224, 584, '16:00:00', '17:03:00', 3, '2017-11-12', NULL, 52, NULL, NULL, 'VO', NULL, 'https://www.cinetick.fr?s=MS000379000011598&src=web.benshi', 0),
(14227, 659, '14:00:00', '15:11:00', 3, '2017-11-08', NULL, 52, NULL, NULL, 'VO', NULL, 'https://www.cinetick.fr?s=MS000379000011535&src=web.benshi', 0),
(14228, 659, '16:00:00', '17:11:00', 3, '2017-11-08', NULL, 52, NULL, NULL, 'VO', NULL, 'https://www.cinetick.fr?s=MS000379000011536&src=web.benshi', 0),
(14229, 659, '14:00:00', '15:11:00', 3, '2017-11-11', NULL, 52, NULL, NULL, 'VO', NULL, 'https://www.cinetick.fr?s=MS000379000011583&src=web.benshi', 0),
(14230, 626, '15:00:00', '16:12:00', 1, '2017-11-12', NULL, 38, NULL, NULL, 'VF', NULL, 'https://www.cinetick.fr?s=CC14D384D7&src=web.benshi', 0),
(14231, 626, '10:30:00', '11:42:00', 1, '2017-11-11', NULL, 38, NULL, NULL, 'VF', NULL, 'https://www.cinetick.fr?s=CC65812AF1&src=web.benshi', 0),
(14232, 616, '16:20:00', '18:22:00', 1, '2017-11-12', NULL, 38, NULL, NULL, 'VF', NULL, 'https://www.cinetick.fr?s=CC47DFABCD&src=web.benshi', 0),
(14233, 644, '14:30:00', '15:59:00', 1, '2017-11-11', NULL, 38, NULL, NULL, 'VF', NULL, 'https://www.cinetick.fr?s=CC5BB40097&src=web.benshi', 0),
(14234, 626, '15:15:00', '16:27:00', 1, '2017-11-12', NULL, 37, NULL, NULL, 'VF', NULL, 'https://www.cinetick.fr?s=CCF17D5DA5D527328C&src=web.benshi', 0),
(14235, 626, '15:20:00', '16:32:00', 1, '2017-11-11', NULL, 37, NULL, NULL, 'VF', NULL, 'https://www.cinetick.fr?s=CCB9CA317FC34EDA11&src=web.benshi', 0),
(14236, 626, '15:20:00', '16:32:00', 1, '2017-11-08', NULL, 37, NULL, NULL, 'VF', NULL, 'https://www.cinetick.fr?s=CC87FE9A3B313AF728&src=web.benshi', 0),
(14237, 659, '14:00:00', '15:11:00', 1, '2017-11-08', NULL, 37, NULL, NULL, 'VF', NULL, 'https://www.cinetick.fr?s=CC454B2986DD786096&src=web.benshi', 0),
(14238, 659, '14:00:00', '15:11:00', 1, '2017-11-11', NULL, 37, NULL, NULL, 'VF', NULL, 'https://www.cinetick.fr?s=CC2219F90E7181C372&src=web.benshi', 0),
(14255, 506, '09:45:00', '11:15:00', 2, '2017-11-09', NULL, 52, NULL, NULL, 'VO', NULL, 'https://www.cinetick.fr?s=MS000379000011541&src=web.benshi', 0),
(14256, 506, '09:45:00', '11:15:00', 2, '2017-11-10', NULL, 52, NULL, NULL, 'VO', NULL, 'https://www.cinetick.fr?s=MS000379000011559&src=web.benshi', 0),
(14265, 735, '14:30:00', '15:25:00', 2, '2017-11-22', 'Séance Ciné-Goûter', 4, NULL, NULL, '', NULL, NULL, 0),
(14266, 735, '14:00:00', '14:55:00', 2, '2017-11-25', '', 4, NULL, NULL, '', NULL, NULL, 0),
(14267, 735, '16:00:00', '16:55:00', 2, '2017-11-25', '', 4, NULL, NULL, '', NULL, NULL, 0),
(14268, 735, '10:30:00', '11:25:00', 2, '2017-11-26', '', 4, NULL, NULL, '', NULL, NULL, 0),
(14269, 735, '15:30:00', '16:25:00', 2, '2017-11-26', '', 4, NULL, NULL, '', NULL, NULL, 0),
(14270, 741, '14:30:00', '15:22:00', 2, '2017-11-29', 'Séance suivie d\'un atelier "Cartes de Noël"', 4, NULL, NULL, 'VF', NULL, NULL, 0),
(14290, 659, '11:00:00', '12:11:00', 1, '2017-11-11', NULL, 19, NULL, NULL, 'VF', NULL, '', 0),
(14291, 625, '10:00:00', '11:30:00', 1, '2017-11-11', NULL, 19, NULL, NULL, 'VF', NULL, '', 0),
(14292, 625, '15:20:00', '16:50:00', 1, '2017-11-12', NULL, 19, NULL, NULL, 'VF', NULL, '', 0),
(14293, 223, '09:30:00', '11:09:00', 1, '2017-12-01', NULL, 3, NULL, NULL, 'VF', NULL, '', 0),
(14294, 223, '09:30:00', '11:09:00', 1, '2017-12-05', NULL, 3, NULL, NULL, 'VF', NULL, '', 0),
(14295, 223, '09:30:00', '11:09:00', 1, '2017-11-30', NULL, 3, NULL, NULL, 'VF', NULL, '', 0),
(14296, 223, '09:30:00', '11:09:00', 1, '2017-12-04', NULL, 3, NULL, NULL, 'VF', NULL, '', 0),
(14297, 321, '09:30:00', '11:00:00', 1, '2017-12-04', NULL, 3, NULL, NULL, 'VF', NULL, '', 0),
(14298, 321, '09:30:00', '11:00:00', 1, '2017-12-01', NULL, 3, NULL, NULL, 'VF', NULL, '', 0),
(14299, 321, '09:30:00', '11:00:00', 1, '2017-11-30', NULL, 3, NULL, NULL, 'VF', NULL, '', 0);

--
-- Indexes for dumped tables
--

--
-- Indexes for table `cinema`
--
ALTER TABLE `cinema`
  ADD PRIMARY KEY (`id`),
  ADD UNIQUE KEY `id` (`id`);

--
-- Indexes for table `film`
--
ALTER TABLE `film`
  ADD PRIMARY KEY (`id`);

--
-- Indexes for table `seance`
--
ALTER TABLE `seance`
  ADD PRIMARY KEY (`id`),
  ADD UNIQUE KEY `id` (`id`);

--
-- AUTO_INCREMENT for dumped tables
--

--
-- AUTO_INCREMENT for table `cinema`
--
ALTER TABLE `cinema`
  MODIFY `id` int(11) NOT NULL AUTO_INCREMENT, AUTO_INCREMENT=83;
--
-- AUTO_INCREMENT for table `film`
--
ALTER TABLE `film`
  MODIFY `id` int(11) NOT NULL AUTO_INCREMENT, AUTO_INCREMENT=762;
--
-- AUTO_INCREMENT for table `seance`
--
ALTER TABLE `seance`
  MODIFY `id` int(11) NOT NULL AUTO_INCREMENT, AUTO_INCREMENT=14300;
/*!40101 SET CHARACTER_SET_CLIENT=@OLD_CHARACTER_SET_CLIENT */;
/*!40101 SET CHARACTER_SET_RESULTS=@OLD_CHARACTER_SET_RESULTS */;
/*!40101 SET COLLATION_CONNECTION=@OLD_COLLATION_CONNECTION */;
